HR@orcl> select round(max(salary),0) "Maximum", round(min(salary),0) "Minimum", round(sum(salary),0) "Sum", round(avg(salary),0) "Average"
  2  from employees;

   Maximum    Minimum        Sum    Average                                                                             
---------- ---------- ---------- ----------                                                                             
     25200       2625     225131       9788                                                                             

HR@orcl> select job_id, round(max(salary),0) "Maximum", round(min(salary),0) "Minimum", round(sum(salary),0) "Sum", round(avg(salary),0) "Average"
  2  from employees
  3  group by job_id;

JOB_ID        Maximum    Minimum        Sum    Average                                                                  
---------- ---------- ---------- ---------- ----------                                                                  
IT_PROG          9450       4410      20160       6720                                                                  
AC_MGR          12600      12600      25200      12600                                                                  
AC_ACCOUNT       8715       8715       8715       8715                                                                  
ST_MAN           6090       6090       6090       6090                                                                  
AD_ASST          4620       4620       4620       4620                                                                  
AD_VP           17850      17850      35700      17850                                                                  
SA_MAN          12128      12128      12128      12128                                                                  
MK_MAN          15015      15015      15015      15015                                                                  
AD_PRES         25200      25200      25200      25200                                                                  
SA_REP          12705       7350      53088      10618                                                                  
MK_REP           6930       6930       6930       6930                                                                  

JOB_ID        Maximum    Minimum        Sum    Average                                                                  
---------- ---------- ---------- ---------- ----------                                                                  
ST_CLERK         3675       2625      12285       3071                                                                  

12 rows selected.

HR@orcl> select job_id, count(*)
  2  from employees
  3  group by job_id;

JOB_ID       COUNT(*)                                                                                                   
---------- ----------                                                                                                   
AC_ACCOUNT          1                                                                                                   
AC_MGR              2                                                                                                   
AD_ASST             1                                                                                                   
AD_PRES             1                                                                                                   
AD_VP               2                                                                                                   
IT_PROG             3                                                                                                   
MK_MAN              1                                                                                                   
MK_REP              1                                                                                                   
SA_MAN              1                                                                                                   
SA_REP              5                                                                                                   
ST_CLERK            4                                                                                                   

JOB_ID       COUNT(*)                                                                                                   
---------- ----------                                                                                                   
ST_MAN              1                                                                                                   

12 rows selected.

HR@orcl> select count(distinct manager_id) "Number of Managers"
  2  from employees;

Number of Managers                                                                                                      
------------------                                                                                                      
                 8                                                                                                      

HR@orcl> select max(salary) - min(salary) difference
  2  from employees;

DIFFERENCE                                                                                                              
----------                                                                                                              
     22575                                                                                                              

HR@orcl> select manager_id, min(salary) from employees
  2  where manager_id is not null
  3  group by manager_id
  4  having min(salary) > 6000
  5  order by min(salary) desc;

MANAGER_ID MIN(SALARY)                                                                                                  
---------- -----------                                                                                                  
       102        9450                                                                                                  
       205        8715                                                                                                  
       149        7350                                                                                                  
       201        6930                                                                                                  
       100        6090                                                                                                  

HR@orcl> select count(*) total, sum(decode(to_char(hire_date, 'YYYY'),1995,1,0))"1995",
  2  sum(decode(to_char(hire_date, 'YYYY'),1996,1,0))"1996",
  3  sum(decode(to_char(hire_date, 'YYYY'),1997,1,0))"1997",
  4  sum(decode(to_char(hire_date, 'YYYY'),1998,1,0))"1998"
  5  from employees;

     TOTAL       1995       1996       1997       1998                                                                  
---------- ---------- ---------- ---------- ----------                                                                  
        23          1          2          2          3                                                                  

HR@orcl> select job_id "Job", sum(decode(department_id, 20, salary)) "Dept 20",
  2  sum(decode(department_id, 50, salary)) "Dept 50",
  3  sum(decode(department_id, 80, salary)) "Dept 80",
  4  sum(decode(department_id, 90, salary)) "Dept 90",
  5  sum(salary) "Total"
  6  from employees
  7  group by job_id;

Job           Dept 20    Dept 50    Dept 80    Dept 90      Total                                                       
---------- ---------- ---------- ---------- ---------- ----------                                                       
IT_PROG                                                     20160                                                       
AC_MGR                                                      25200                                                       
AC_ACCOUNT                                                   8715                                                       
ST_MAN                      6090                             6090                                                       
AD_ASST                                                      4620                                                       
AD_VP                                            35700      35700                                                       
SA_MAN                              12127.5               12127.5                                                       
MK_MAN                                                      15015                                                       
AD_PRES                                          25200      25200                                                       
SA_REP                                22638                 53088                                                       
MK_REP           6930                                        6930                                                       

Job           Dept 20    Dept 50    Dept 80    Dept 90      Total                                                       
---------- ---------- ---------- ---------- ---------- ----------                                                       
ST_CLERK                   12285                            12285                                                       

12 rows selected.

HR@orcl> select location_id, street_address, city, state_province, country_name
  2  from locations natural join countries;

LOCATION_ID STREET_ADDRESS                           CITY                           STATE_PROVINCE                      
----------- ---------------------------------------- ------------------------------ -------------------------           
COUNTRY_NAME                                                                                                            
----------------------------------------                                                                                
       1400 2014 Jabberwocky Rd                      Southlake                      Texas                               
United States of America                                                                                                
                                                                                                                        
       1500 2011 Interiors Blvd                      South San Francisco            California                          
United States of America                                                                                                
                                                                                                                        
       1700 2004 Charade Rd                          Seattle                        Washington                          
United States of America                                                                                                
                                                                                                                        

LOCATION_ID STREET_ADDRESS                           CITY                           STATE_PROVINCE                      
----------- ---------------------------------------- ------------------------------ -------------------------           
COUNTRY_NAME                                                                                                            
----------------------------------------                                                                                
       1800 460 Bloor St. W.                         Toronto                        Ontario                             
Canada                                                                                                                  
                                                                                                                        
       2500 Magdalen Centre, The Oxford Science Park Oxford                         Oxford                              
United Kingdom                                                                                                          
                                                                                                                        

HR@orcl> select last_name, department_id, department_name
  2  from employees join departments
  3  using (department_id);

LAST_NAME                 DEPARTMENT_ID DEPARTMENT_NAME                                                                 
------------------------- ------------- ------------------------------                                                  
Abel                                 80 Sales                                                                           
Davies                               50 Shipping                                                                        
De Haan                              90 Executive                                                                       
Dean                                 60 IT                                                                              
Ernst                                60 IT                                                                              
Fay                                  20 Marketing                                                                       
Gietz                               110 Accounting                                                                      
Hartstein                            40 Human Resource                                                                  
Higgins                             110 Accounting                                                                      
Hunold                               60 IT                                                                              
King                                 90 Executive                                                                       

LAST_NAME                 DEPARTMENT_ID DEPARTMENT_NAME                                                                 
------------------------- ------------- ------------------------------                                                  
Kochhar                              90 Executive                                                                       
Lorentz                              60 IT                                                                              
Matos                                50 Shipping                                                                        
Mourgos                              50 Shipping                                                                        
Popp                                110 Accounting                                                                      
Rajs                                 50 Shipping                                                                        
Raphealy                             60 IT                                                                              
Taylor                               80 Sales                                                                           
Vargas                               50 Shipping                                                                        
Whalen                               10 Administration                                                                  
Zlotkey                              80 Sales                                                                           

22 rows selected.

HR@orcl> select e.last_name, e.job_id, e.department_id, d.department_name
  2  from employees e join departments d
  3  on (e.department_id = d.department_id)
  4  join locations 1
  5  on (d.location_id = l.location_id)
  6  where lower(l.city) = 'toronto';
join locations 1
               *
ERROR at line 4:
ORA-00905: missing keyword 


HR@orcl> ed
Wrote file afiedt.buf

  1  select e.last_name, e.job_id, e.department_id, d.department_name
  2  from employees e join departments d
  3  on (e.department_id = d.department_id)
  4  join locations l
  5  on (d.location_id = l.location_id)
  6* where lower(l.city) = 'toronto'
HR@orcl> /

LAST_NAME                 JOB_ID     DEPARTMENT_ID DEPARTMENT_NAME                                                      
------------------------- ---------- ------------- ------------------------------                                       
Fay                       MK_REP                20 Marketing                                                            

HR@orcl> select w.last_name "Employee", w.employee_id "EMP#", m.last_name "Manager", m.employee_id "Mgr#"
  2  from employees w join employees m
  3  on (w.manager_id = m.employee_id);

Employee                        EMP# Manager                         Mgr#                                               
------------------------- ---------- ------------------------- ----------                                               
Kochhar                          101 King                             100                                               
De Haan                          102 King                             100                                               
Hunold                           103 De Haan                          102                                               
Ernst                            104 Hunold                           103                                               
Lorentz                          107 Hunold                           103                                               
Mourgos                          124 King                             100                                               
Rajs                             141 Mourgos                          124                                               
Davies                           142 Mourgos                          124                                               
Matos                            143 Mourgos                          124                                               
Vargas                           144 Mourgos                          124                                               
Zlotkey                          149 King                             100                                               

Employee                        EMP# Manager                         Mgr#                                               
------------------------- ---------- ------------------------- ----------                                               
Abel                             174 Zlotkey                          149                                               
Taylor                           176 Zlotkey                          149                                               
Grant                            178 Zlotkey                          149                                               
Whalen                           200 Kochhar                          101                                               
Hartstein                        201 King                             100                                               
Fay                              202 Hartstein                        201                                               
Higgins                          205 Kochhar                          101                                               
Gietz                            206 Higgins                          205                                               
Raphealy                         114 King                             100                                               
Dean                             115 King                             100                                               
Popp                             113 Higgins                          205                                               

22 rows selected.

HR@orcl> save lab_06_04.sql
Created file lab_06_04.sql
HR@orcl> @ lab_06_04.sql

Employee                        EMP# Manager                         Mgr#                                               
------------------------- ---------- ------------------------- ----------                                               
Kochhar                          101 King                             100                                               
De Haan                          102 King                             100                                               
Hunold                           103 De Haan                          102                                               
Ernst                            104 Hunold                           103                                               
Lorentz                          107 Hunold                           103                                               
Mourgos                          124 King                             100                                               
Rajs                             141 Mourgos                          124                                               
Davies                           142 Mourgos                          124                                               
Matos                            143 Mourgos                          124                                               
Vargas                           144 Mourgos                          124                                               
Zlotkey                          149 King                             100                                               

Employee                        EMP# Manager                         Mgr#                                               
------------------------- ---------- ------------------------- ----------                                               
Abel                             174 Zlotkey                          149                                               
Taylor                           176 Zlotkey                          149                                               
Grant                            178 Zlotkey                          149                                               
Whalen                           200 Kochhar                          101                                               
Hartstein                        201 King                             100                                               
Fay                              202 Hartstein                        201                                               
Higgins                          205 Kochhar                          101                                               
Gietz                            206 Higgins                          205                                               
Raphealy                         114 King                             100                                               
Dean                             115 King                             100                                               
Popp                             113 Higgins                          205                                               

22 rows selected.

HR@orcl> ed
Wrote file afiedt.buf

  1  select w.last_name "Employee", w.employee_id "EMP#", m.last_name "Manager", m.employee_id "Mgr#"
  2  from employees w left outer join employees m
  3  on (w.manager_id = m.employee_id)
  4* order by 2
HR@orcl> /

Employee                        EMP# Manager                         Mgr#                                               
------------------------- ---------- ------------------------- ----------                                               
King                             100                                                                                    
Kochhar                          101 King                             100                                               
De Haan                          102 King                             100                                               
Hunold                           103 De Haan                          102                                               
Ernst                            104 Hunold                           103                                               
Lorentz                          107 Hunold                           103                                               
Popp                             113 Higgins                          205                                               
Raphealy                         114 King                             100                                               
Dean                             115 King                             100                                               
Mourgos                          124 King                             100                                               
Rajs                             141 Mourgos                          124                                               

Employee                        EMP# Manager                         Mgr#                                               
------------------------- ---------- ------------------------- ----------                                               
Davies                           142 Mourgos                          124                                               
Matos                            143 Mourgos                          124                                               
Vargas                           144 Mourgos                          124                                               
Zlotkey                          149 King                             100                                               
Abel                             174 Zlotkey                          149                                               
Taylor                           176 Zlotkey                          149                                               
Grant                            178 Zlotkey                          149                                               
Whalen                           200 Kochhar                          101                                               
Hartstein                        201 King                             100                                               
Fay                              202 Hartstein                        201                                               
Higgins                          205 Kochhar                          101                                               

Employee                        EMP# Manager                         Mgr#                                               
------------------------- ---------- ------------------------- ----------                                               
Gietz                            206 Higgins                          205                                               

23 rows selected.

HR@orcl> save lab_06_05.sql
Created file lab_06_05.sql
HR@orcl> @lab_06_05.sql

Employee                        EMP# Manager                         Mgr#                                               
------------------------- ---------- ------------------------- ----------                                               
King                             100                                                                                    
Kochhar                          101 King                             100                                               
De Haan                          102 King                             100                                               
Hunold                           103 De Haan                          102                                               
Ernst                            104 Hunold                           103                                               
Lorentz                          107 Hunold                           103                                               
Popp                             113 Higgins                          205                                               
Raphealy                         114 King                             100                                               
Dean                             115 King                             100                                               
Mourgos                          124 King                             100                                               
Rajs                             141 Mourgos                          124                                               

Employee                        EMP# Manager                         Mgr#                                               
------------------------- ---------- ------------------------- ----------                                               
Davies                           142 Mourgos                          124                                               
Matos                            143 Mourgos                          124                                               
Vargas                           144 Mourgos                          124                                               
Zlotkey                          149 King                             100                                               
Abel                             174 Zlotkey                          149                                               
Taylor                           176 Zlotkey                          149                                               
Grant                            178 Zlotkey                          149                                               
Whalen                           200 Kochhar                          101                                               
Hartstein                        201 King                             100                                               
Fay                              202 Hartstein                        201                                               
Higgins                          205 Kochhar                          101                                               

Employee                        EMP# Manager                         Mgr#                                               
------------------------- ---------- ------------------------- ----------                                               
Gietz                            206 Higgins                          205                                               

23 rows selected.

HR@orcl> select e.department_id department, e.last_name employee, c.last_name colleague
  2  from employees e join employee c
  3  on (e.department_id = c.department_id)
  4  where e.employee_id <> c.employee_id
  5  order by e.department_id, e.last_name, c.last_name;
from employees e join employee c
                      *
ERROR at line 2:
ORA-00942: table or view does not exist 


HR@orcl> ed
Wrote file afiedt.buf

  1  select e.department_id department, e.last_name employee, c.last_name colleague
  2  from employees e join employees c
  3  on (e.department_id = c.department_id)
  4  where e.employee_id <> c.employee_id
  5* order by e.department_id, e.last_name, c.last_name
HR@orcl> /

DEPARTMENT EMPLOYEE                  COLLEAGUE                                                                          
---------- ------------------------- -------------------------                                                          
        50 Davies                    Matos                                                                              
        50 Davies                    Mourgos                                                                            
        50 Davies                    Rajs                                                                               
        50 Davies                    Vargas                                                                             
        50 Matos                     Davies                                                                             
        50 Matos                     Mourgos                                                                            
        50 Matos                     Rajs                                                                               
        50 Matos                     Vargas                                                                             
        50 Mourgos                   Davies                                                                             
        50 Mourgos                   Matos                                                                              
        50 Mourgos                   Rajs                                                                               

DEPARTMENT EMPLOYEE                  COLLEAGUE                                                                          
---------- ------------------------- -------------------------                                                          
        50 Mourgos                   Vargas                                                                             
        50 Rajs                      Davies                                                                             
        50 Rajs                      Matos                                                                              
        50 Rajs                      Mourgos                                                                            
        50 Rajs                      Vargas                                                                             
        50 Vargas                    Davies                                                                             
        50 Vargas                    Matos                                                                              
        50 Vargas                    Mourgos                                                                            
        50 Vargas                    Rajs                                                                               
        60 Dean                      Ernst                                                                              
        60 Dean                      Hunold                                                                             

DEPARTMENT EMPLOYEE                  COLLEAGUE                                                                          
---------- ------------------------- -------------------------                                                          
        60 Dean                      Lorentz                                                                            
        60 Dean                      Raphealy                                                                           
        60 Ernst                     Dean                                                                               
        60 Ernst                     Hunold                                                                             
        60 Ernst                     Lorentz                                                                            
        60 Ernst                     Raphealy                                                                           
        60 Hunold                    Dean                                                                               
        60 Hunold                    Ernst                                                                              
        60 Hunold                    Lorentz                                                                            
        60 Hunold                    Raphealy                                                                           
        60 Lorentz                   Dean                                                                               

DEPARTMENT EMPLOYEE                  COLLEAGUE                                                                          
---------- ------------------------- -------------------------                                                          
        60 Lorentz                   Ernst                                                                              
        60 Lorentz                   Hunold                                                                             
        60 Lorentz                   Raphealy                                                                           
        60 Raphealy                  Dean                                                                               
        60 Raphealy                  Ernst                                                                              
        60 Raphealy                  Hunold                                                                             
        60 Raphealy                  Lorentz                                                                            
        80 Abel                      Taylor                                                                             
        80 Abel                      Zlotkey                                                                            
        80 Taylor                    Abel                                                                               
        80 Taylor                    Zlotkey                                                                            

DEPARTMENT EMPLOYEE                  COLLEAGUE                                                                          
---------- ------------------------- -------------------------                                                          
        80 Zlotkey                   Abel                                                                               
        80 Zlotkey                   Taylor                                                                             
        90 De Haan                   King                                                                               
        90 De Haan                   Kochhar                                                                            
        90 King                      De Haan                                                                            
        90 King                      Kochhar                                                                            
        90 Kochhar                   De Haan                                                                            
        90 Kochhar                   King                                                                               
       110 Gietz                     Higgins                                                                            
       110 Gietz                     Popp                                                                               
       110 Higgins                   Gietz                                                                              

DEPARTMENT EMPLOYEE                  COLLEAGUE                                                                          
---------- ------------------------- -------------------------                                                          
       110 Higgins                   Popp                                                                               
       110 Popp                      Gietz                                                                              
       110 Popp                      Higgins                                                                            

58 rows selected.

HR@orcl> desc job_grades
 Name                                                              Null?    Type
 ----------------------------------------------------------------- -------- --------------------------------------------
 GRADE_LEVEL                                                                VARCHAR2(3)
 LOWEST_SAL                                                                 NUMBER
 HIGHEST_SAL                                                                NUMBER

HR@orcl> select e.last_name, e.job_id, d.department_name, e.salary, j.grade_level
  2  from employees e join departments d
  3  on (e.department_id = d.department_id)
  4  join job_grades j
  5  on (e.salary between j.lowest_sal and j.highest_sal);

LAST_NAME                 JOB_ID     DEPARTMENT_NAME                    SALARY GRA                                      
------------------------- ---------- ------------------------------ ---------- ---                                      
Vargas                    ST_CLERK   Shipping                             2625 A                                        
Matos                     ST_CLERK   Shipping                             2730 A                                        
Davies                    ST_CLERK   Shipping                             3255 B                                        
Rajs                      ST_CLERK   Shipping                             3675 B                                        
Lorentz                   IT_PROG    IT                                   4410 B                                        
Whalen                    AD_ASST    Administration                       4620 B                                        
Mourgos                   ST_MAN     Shipping                             6090 C                                        
Ernst                     IT_PROG    IT                                   6300 C                                        
Fay                       MK_REP     Marketing                            6930 C                                        
Gietz                     AC_ACCOUNT Accounting                           8715 C                                        
Hunold                    IT_PROG    IT                                   9450 C                                        

LAST_NAME                 JOB_ID     DEPARTMENT_NAME                    SALARY GRA                                      
------------------------- ---------- ------------------------------ ---------- ---                                      
Taylor                    SA_REP     Sales                                9933 C                                        
Dean                      SA_REP     IT                                  11550 D                                        
Raphealy                  SA_REP     IT                                  11550 D                                        
Zlotkey                   SA_MAN     Sales                             12127.5 D                                        
Popp                      AC_MGR     Accounting                          12600 D                                        
Higgins                   AC_MGR     Accounting                          12600 D                                        
Abel                      SA_REP     Sales                               12705 D                                        
Hartstein                 MK_MAN     Human Resource                      15015 E                                        
De Haan                   AD_VP      Executive                           17850 E                                        
Kochhar                   AD_VP      Executive                           17850 E                                        
King                      AD_PRES    Executive                           25200 F                                        

22 rows selected.

HR@orcl> select last_name, hire_date
  2  from employees
  3  where department_id = (select department_id from employees
  4                         where last_name = 'Zlotkey')
  5  and last_name <> 'Zlotket';

LAST_NAME                 HIRE_DATE                                                                                     
------------------------- ---------                                                                                     
Zlotkey                   29-JAN-00                                                                                     
Abel                      11-MAY-96                                                                                     
Taylor                    24-MAY-98                                                                                     

HR@orcl> select employee_id, last_name from employees
  2  where salary > (select avg(salary) from employees)
  3  order by salary;

EMPLOYEE_ID LAST_NAME                                                                                                   
----------- -------------------------                                                                                   
        176 Taylor                                                                                                      
        115 Dean                                                                                                        
        114 Raphealy                                                                                                    
        149 Zlotkey                                                                                                     
        113 Popp                                                                                                        
        205 Higgins                                                                                                     
        174 Abel                                                                                                        
        201 Hartstein                                                                                                   
        101 Kochhar                                                                                                     
        102 De Haan                                                                                                     
        100 King                                                                                                        

11 rows selected.

HR@orcl> select employee_id, last_name
  2  from employees
  3  where department_id in(select department_id from employees
  4                         where last_name like '%u%');

EMPLOYEE_ID LAST_NAME                                                                                                   
----------- -------------------------                                                                                   
        124 Mourgos                                                                                                     
        141 Rajs                                                                                                        
        142 Davies                                                                                                      
        143 Matos                                                                                                       
        144 Vargas                                                                                                      
        103 Hunold                                                                                                      
        104 Ernst                                                                                                       
        107 Lorentz                                                                                                     
        114 Raphealy                                                                                                    
        115 Dean                                                                                                        

10 rows selected.

HR@orcl> select last_name, department_id, job_id from employees
  2  where department_id in (select department_id from departments
  3                          where location_id = 1700);

LAST_NAME                 DEPARTMENT_ID JOB_ID                                                                          
------------------------- ------------- ----------                                                                      
King                                 90 AD_PRES                                                                         
Kochhar                              90 AD_VP                                                                           
De Haan                              90 AD_VP                                                                           
Whalen                               10 AD_ASST                                                                         
Higgins                             110 AC_MGR                                                                          
Gietz                               110 AC_ACCOUNT                                                                      
Popp                                110 AC_MGR                                                                          

7 rows selected.

HR@orcl> select last_name, salary
  2  from employees
  3  where manager_id = (select employee_id from employees
  4                      where last_name = 'King');

LAST_NAME                     SALARY                                                                                    
------------------------- ----------                                                                                    
Kochhar                        17850                                                                                    
De Haan                        17850                                                                                    
Mourgos                         6090                                                                                    
Zlotkey                      12127.5                                                                                    
Hartstein                      15015                                                                                    
Raphealy                       11550                                                                                    
Dean                           11550                                                                                    

7 rows selected.

HR@orcl> select department_id, last_name, job_id
  2  from employees
  3  where department_id in (select department_id from departments
  4                          where department_name = 'Executive');

DEPARTMENT_ID LAST_NAME                 JOB_ID                                                                          
------------- ------------------------- ----------                                                                      
           90 King                      AD_PRES                                                                         
           90 Kochhar                   AD_VP                                                                           
           90 De Haan                   AD_VP                                                                           

HR@orcl> select employee_id, last_name, job_id
  2  from employees
  3  where department_id in (select department_id from departments
  4  ;

*
ERROR at line 4:
ORA-00907: missing right parenthesis 


HR@orcl> select employee_id, last_name, salary
  2  from employees
  3  where department_id in (select department_id from employees
  4                          where last_name like '%u%')
  5  and salary > (select avg(salary) from employee);
and salary > (select avg(salary) from employee)
                                      *
ERROR at line 5:
ORA-00942: table or view does not exist 


HR@orcl> ed
Wrote file afiedt.buf

  1  select employee_id, last_name, salary
  2  from employees
  3  where department_id in (select department_id from employees
  4                          where last_name like '%u%')
  5* and salary > (select avg(salary) from employees)
HR@orcl> /

EMPLOYEE_ID LAST_NAME                     SALARY                                                                        
----------- ------------------------- ----------                                                                        
        114 Raphealy                       11550                                                                        
        115 Dean                           11550                                                                        

HR@orcl> select department_id from departments
  2  minus
  3  select department_id from employees
  4  where job_id = 'ST_CLERK';

DEPARTMENT_ID                                                                                                           
-------------                                                                                                           
           10                                                                                                           
           20                                                                                                           
           30                                                                                                           
           40                                                                                                           
           60                                                                                                           
           70                                                                                                           
           80                                                                                                           
           90                                                                                                           
          100                                                                                                           
          110                                                                                                           
          190                                                                                                           

11 rows selected.

HR@orcl> select country_id, country_name from countries
  2  minus
  3  select l.country_id, c.country_name from locations l, countries c
  4  where l.country_id = c.country_id;

CO COUNTRY_NAME                                                                                                         
-- ----------------------------------------                                                                             
DE Germany                                                                                                              

HR@orcl> column dummy noprint
HR@orcl> select job_id, department_id, 'x' dummy from employees
  2  where department_id = 10
  3  union
  4  select job_id, department_id, 'y' from employees
  5  where department_id = 50
  6  union
  7  select job_id, department_id, 'z' from employees
  8  where department_id = 20
  9  order by 3;

JOB_ID     DEPARTMENT_ID                                                                                                
---------- -------------                                                                                                
AD_ASST               10                                                                                                
ST_CLERK              50                                                                                                
ST_MAN                50                                                                                                
MK_REP                20                                                                                                

HR@orcl> column dummy print
HR@orcl> select employee_id, job_id from employees
  2  intersect
  3  select employee_id, job_id from job_history;

EMPLOYEE_ID JOB_ID                                                                                                      
----------- ----------                                                                                                  
        176 SA_REP                                                                                                      
        200 AD_ASST                                                                                                     

HR@orcl> select last_name, department_id, to_char(null) from employees
  2  union
  3  select to_char(null), department_id, department_name from departments;

LAST_NAME                 DEPARTMENT_ID TO_CHAR(NULL)                                                                   
------------------------- ------------- ------------------------------                                                  
Abel                                 80                                                                                 
Davies                               50                                                                                 
De Haan                              90                                                                                 
Dean                                 60                                                                                 
Ernst                                60                                                                                 
Fay                                  20                                                                                 
Gietz                               110                                                                                 
Grant                                                                                                                   
Hartstein                            40                                                                                 
Higgins                             110                                                                                 
Hunold                               60                                                                                 

LAST_NAME                 DEPARTMENT_ID TO_CHAR(NULL)                                                                   
------------------------- ------------- ------------------------------                                                  
King                                 90                                                                                 
Kochhar                              90                                                                                 
Lorentz                              60                                                                                 
Matos                                50                                                                                 
Mourgos                              50                                                                                 
Popp                                110                                                                                 
Rajs                                 50                                                                                 
Raphealy                             60                                                                                 
Taylor                               80                                                                                 
Vargas                               50                                                                                 
Whalen                               10                                                                                 

LAST_NAME                 DEPARTMENT_ID TO_CHAR(NULL)                                                                   
------------------------- ------------- ------------------------------                                                  
Zlotkey                              80                                                                                 
                                     10 Administration                                                                  
                                     20 Marketing                                                                       
                                     30 Purchasing                                                                      
                                     40 Human Resource                                                                  
                                     50 Shipping                                                                        
                                     60 IT                                                                              
                                     70 public relations                                                                
                                     80 Sales                                                                           
                                     90 Executive                                                                       
                                    100 finance                                                                         

LAST_NAME                 DEPARTMENT_ID TO_CHAR(NULL)                                                                   
------------------------- ------------- ------------------------------                                                  
                                    110 Accounting                                                                      
                                    190 Contracting                                                                     

35 rows selected.

HR@orcl> spool off
